{
    "d_ne": [
        -1617.7278005303065,
        967.1579040758993,
        0.0
    ],
    "d_mu": [
        -4.505219366258148,
        7.366583102066756,
        0.22448637190956555
    ],
    "d_dne": [
        -52578.45914310662,
        14081.095441823329,
        0.0
    ],
    "d_lm": [
        0.5476274991686862,
        0.38898804808310633,
        0.2821449983362936
    ],
    "ne_SS": [
        0.0,
        1000000.0,
        475.9983000920327,
        21.817364882000156
    ],
    "mu_SS": [
        4000.0,
        5000.0,
        4164.716048971496,
        42.40732318573471
    ],
    "lm_SS": [
        20.0,
        100.0,
        45.8603709151069,
        2.1849716015810836
    ],
    "dl": [
        0,
        0,
        2.5,
        0
    ],
    "gm": [
        0,
        0,
        -10,
        0
    ]
}