{
    "d_mu": [
        -107.39264883088853,
        213.05611880649445,
        0.0
    ],
    "d_ap": [
        0.00016146572742788742,
        0.00010301974613362466,
        0.6533751690990238
    ],
    "d_bt": [
        -0.0008460399303198403,
        0.0002593284987358541,
        0.00040058503696538406
    ],
    "d_ne": [
        -11988.798014400314,
        7362.830810128027,
        0.0
    ],
    "d_dne": [
        -716102.5009978518,
        260786.14679691542,
        0.0
    ],
    "ne_SS": [
        0.0,
        1000000.0,
        560.892938936065,
        16.745735310684665
    ],
    "mu_SS": [
        2500.0,
        6000.0,
        5994.621224550524,
        193.9105850338057
    ],
    "ap_SS": [
        9.999999747378752e-05,
        0.009999999776482582,
        0.00040129750364528883,
        0.0007767748013092114
    ],
    "bt_SS": [
        0.0,
        0.009999999776482582,
        0.0022619228308967255,
        0.000615578936136727
    ]
}