{
    "d_dne": [
        -294.09590318287195,
        1252.7239875809985,
        0.0
    ],
    "d_lm": [
        -1.4866230189097736,
        1.4408434598534814,
        0.11728060752147784
    ],
    "d_ne": [
        -29.409553563158227,
        125.27239752486766,
        0.0
    ],
    "d_mu": [
        24.77319879764652,
        23.124135637408695,
        0.17363828329403874
    ],
    "ne_SS": [
        0.0,
        1000000.0,
        56.015680687084334,
        5.292613686999306
    ],
    "mu_SS": [
        3000.0,
        6000.0,
        4214.362999218261,
        105.45507759220061
    ],
    "lm_SS": [
        20.0,
        3000.0,
        29.7665062165459,
        5.7828712622267
    ],
    "dl": [
        0,
        0,
        2.5,
        0
    ],
    "gm": [
        0,
        0,
        -10,
        0
    ]
}