{
    "dl": [
        2.5,
        0,
        1
    ],
    "gm": [
        -10,
        0,
        1
    ],
    "lm": [
        -4.220990406922139,
        0.1530241952639228,
        0.9773074525027952
    ],
    "lm_ss": [
        46.223480816050724,
        3.4942375708185747,
        1
    ],
    "mu": [
        50.11485129643478,
        6.31837248324784,
        0.1803618170487593
    ],
    "mu_ss": [
        4088.2589323904303,
        71.61835424184277,
        1
    ]
}