{
    "phsp": [
        4516,
        0.0007442715254847113,
        0,
        0.5
    ],
    "yld": [
        0.1530898008018702,
        0.8103354492851867,
        6.346520634920765e-06
    ]
}