{
    "d_bt": [
        -0.0006674334507523285,
        0.00022239521789871617,
        0.0006645366801679709
    ],
    "d_ap": [
        -4.433009898532137e-05,
        3.178222831715213e-05,
        0.9956144366228806
    ],
    "d_dne": [
        -728893.3020431773,
        262220.9156255037,
        0.0
    ],
    "d_ne": [
        -12244.394002387799,
        7476.978570797547,
        0.0
    ],
    "d_mu": [
        -383.56587391148844,
        197.6553827134661,
        2.8610447344590284e-13
    ],
    "ne_SS": [
        0.0,
        1000000.0,
        580.3807930653609,
        24.08466620968197
    ],
    "mu_SS": [
        2500.0,
        6000.0,
        2647.406181287035,
        160856487.72182605
    ],
    "ap_SS": [
        9.999999747378752e-05,
        0.05000000074505806,
        0.03455376001608736,
        10817.941308501944
    ],
    "bt_SS": [
        0.0,
        0.009999999776482582,
        0.0018950815052176599,
        8.789799244816366e-05
    ]
}