{
    "d_ne": [
        -2642.4121364191546,
        1096.2824356772683,
        0.0
    ],
    "d_dne": [
        -130851.47013442678,
        15867.708942574021,
        0.0
    ],
    "d_dl": [
        -0.011332324428217272,
        0.004623283867281877,
        0.5078470534193413
    ],
    "d_mu": [
        -12.601419503971048,
        8.519799726005807,
        0.012180678781933962
    ],
    "ne_SS": [
        0.0,
        1000000.0,
        351.0782135652183,
        18.738126053154247
    ],
    "mu_SS": [
        3000.0,
        5000.0,
        4005.738871913061,
        20.85672534835714
    ],
    "dl_SS": [
        0.009999999776482582,
        20.0,
        1.5961917472111542,
        0.021102239364439706
    ],
    "lm": [
        0,
        0,
        40,
        0
    ],
    "gm": [
        0,
        0,
        -6,
        0
    ]
}