{
    "phsp": [
        4516,
        0.004246426767755603,
        0,
        0.5
    ],
    "yld": [
        0.25132629650178595,
        0.6122137676872191,
        2.5913378267871203
    ]
}