{"v_0":{"MTOS_2011":1.0,"ETOS_2011":1.0492983181,"GTIS_2011":1.0466040597,"MTOS_2012":1.0,"ETOS_2012":1.0546724479,"GTIS_2012":1.0252787269,"MTOS_2015":1.0,"ETOS_2015":1.0539182061,"GTIS_2015":1.215363032,"MTOS_2016":1.0,"ETOS_2016":1.0982157778,"GTIS_2016":1.1686009477,"MTOS_2017":1.0,"ETOS_2017":1.085055676,"GTIS_2017":1.1125617116,"MTOS_2018":1.0,"ETOS_2018":1.0615382209,"GTIS_2018":1.1494726792},"e_0":{"MTOS_2011":0.0,"ETOS_2011":0.0150171713,"GTIS_2011":0.0427333823,"MTOS_2012":0.0,"ETOS_2012":0.0130833814,"GTIS_2012":0.0266585686,"MTOS_2015":0.0,"ETOS_2015":0.0164520731,"GTIS_2015":0.0519486874,"MTOS_2016":0.0,"ETOS_2016":0.0078225345,"GTIS_2016":0.0258935132,"MTOS_2017":0.0,"ETOS_2017":0.0091743267,"GTIS_2017":0.0273657112,"MTOS_2018":0.0,"ETOS_2018":0.0090984866,"GTIS_2018":0.0275376771},"v_1":{"MTOS_2011":0.0,"ETOS_2011":0.9955599343,"GTIS_2011":0.9979942239,"MTOS_2012":0.0,"ETOS_2012":1.0066006367,"GTIS_2012":0.9981531847,"MTOS_2015":0.0,"ETOS_2015":1.0115723523,"GTIS_2015":0.9937599932,"MTOS_2016":0.0,"ETOS_2016":1.0038263948,"GTIS_2016":1.006414641,"MTOS_2017":0.0,"ETOS_2017":1.0023247719,"GTIS_2017":1.0125591817,"MTOS_2018":0.0,"ETOS_2018":1.00533468,"GTIS_2018":1.0088514466},"e_1":{"MTOS_2011":0.0,"ETOS_2011":0.0049267652,"GTIS_2011":0.0159442279,"MTOS_2012":0.0,"ETOS_2012":0.0060985395,"GTIS_2012":0.0083685598,"MTOS_2015":0.0,"ETOS_2015":0.0065335887,"GTIS_2015":0.0246927401,"MTOS_2016":0.0,"ETOS_2016":0.0038286153,"GTIS_2016":0.0091800647,"MTOS_2017":0.0,"ETOS_2017":0.0043564949,"GTIS_2017":0.0096902596,"MTOS_2018":0.0,"ETOS_2018":0.0044357359,"GTIS_2018":0.0097315498},"v_2":{"MTOS_2011":0.0,"ETOS_2011":0.9717773035,"GTIS_2011":0.9810725761,"MTOS_2012":0.0,"ETOS_2012":0.9462201948,"GTIS_2012":0.9900597795,"MTOS_2015":0.0,"ETOS_2015":0.9283736257,"GTIS_2015":0.9147196548,"MTOS_2016":0.0,"ETOS_2016":0.9131863218,"GTIS_2016":0.933631788,"MTOS_2017":0.0,"ETOS_2017":0.9263812857,"GTIS_2017":0.9422540829,"MTOS_2018":0.0,"ETOS_2018":0.9379394046,"GTIS_2018":0.9328671058},"e_2":{"MTOS_2011":0.0,"ETOS_2011":0.0054925627,"GTIS_2011":0.0174761159,"MTOS_2012":0.0,"ETOS_2012":0.0074443997,"GTIS_2012":0.0100227791,"MTOS_2015":0.0,"ETOS_2015":0.0072422719,"GTIS_2015":0.0277176058,"MTOS_2016":0.0,"ETOS_2016":0.0053674099,"GTIS_2016":0.0090969288,"MTOS_2017":0.0,"ETOS_2017":0.0054426424,"GTIS_2017":0.0099201381,"MTOS_2018":0.0,"ETOS_2018":0.0053429433,"GTIS_2018":0.01022958}}