{
    "phsp": [
        4516,
        0.0022059980653379428,
        0,
        0.5
    ],
    "yld": [
        0.026711767498296318,
        0.01926870796700584,
        4.724400505664765
    ]
}