{
    "d_lm": [
        0.3331824419501319,
        0.4234498728208179,
        0.23202309227906903
    ],
    "d_mu": [
        -2.0354150601065686,
        8.87561152276375,
        0.08303898608404325
    ],
    "mu_SS": [
        4000.0,
        5000.0,
        4165.731384249083,
        44.811409512075144
    ],
    "lm_SS": [
        20.0,
        100.0,
        46.13530523839004,
        2.3214606274675615
    ],
    "dl": [
        0,
        0,
        2.5,
        0
    ],
    "gm": [
        0,
        0,
        -10,
        0
    ]
}
