{
    "phsp": [
        4516,
        1.780049647449617e-10,
        0,
        0.5
    ],
    "yld": [
        0.4706807254276755,
        0.6317386874018575,
        1.458838333177881
    ]
}