{
    "d_mu": [
        -7.822364375249624,
        25.722011807560897,
        0.24366405193549356
    ],
    "d_bt": [
        0.0002731729586420846,
        2.5977138719211498e-05,
        0.9713046419813743
    ],
    "d_ne": [
        5988.757134635088,
        1505.5959184640149,
        0.0
    ],
    "d_dne": [
        299517.62564111286,
        225842.559163439,
        0.0
    ],
    "d_ap": [
        -4.4705625488703766e-05,
        3.739527926374802e-05,
        0.3441267356252966
    ],
    "ne_SS": [
        0.0,
        1000000.0,
        1963.0336148523616,
        44.306324881838094
    ],
    "mu_SS": [
        2500.0,
        6000.0,
        5465.245776952816,
        49.16492335280135
    ],
    "ap_SS": [
        9.999999747378752e-05,
        0.05000000074505806,
        0.004853317039031492,
        0.0004327883816547896
    ],
    "bt_SS": [
        0.0,
        0.009999999776482582,
        0.005826960763188107,
        0.0004503248054522315
    ]
}