{
    "phsp": [
        4516,
        0.0037216270319619734,
        0,
        0.5
    ],
    "yld": [
        0.19222810208437285,
        0.09782413226343831,
        2.499105388048703
    ]
}