{
    "d_ne": [
        1896.3729539939752,
        606.9520206122342,
        0.0
    ],
    "d_dne": [
        10674.027369157271,
        36396.96399759144,
        0.0
    ],
    "d_lm": [
        -2.4434571759301984,
        0.3893607941406676,
        0.33097686046803676
    ],
    "d_mu": [
        21.152711745643842,
        6.608382220924269,
        0.43897272404502174
    ],
    "ne_SS": [
        0.0,
        1000000.0,
        190.9965995489585,
        13.820089712779984
    ],
    "mu_SS": [
        4000.0,
        5000.0,
        4196.194399454388,
        62.629499270187594
    ],
    "lm_SS": [
        20.0,
        100.0,
        42.97147677457292,
        3.155040512234306
    ],
    "dl": [
        0,
        0,
        2.5,
        0
    ],
    "gm": [
        0,
        0,
        -10,
        0
    ]
}