index,B_M,BDT_cmb,L1_PIDe,L1_P,L1_PT,L1_ETA,L1_ProbNNk,L2_PIDe,L2_P,L2_PT,L2_ETA,L2_ProbNNk,H_PIDe,H_ProbNNk,Polarity
23,5276.506034581032,1.0159894019889133,-0.6179625851972919,55649.27,10480.37171864632,2.353724725618055,0.08245817571878433,-0.8931011932848796,54206.409999999996,6159.595657901103,2.8646913971502537,0.02548629604279995,-3.50202682679103,0.982444167137146,1
29,5221.063956374194,1.0106292031509592,2.1840009531045452,29146.59,1637.5283479255172,3.571507051210975,0.0012297109933570027,4.453801632312368,28091.21,3588.9370992976656,2.7466419401059574,0.0005478487000800669,-4.580536600626649,0.9385876059532166,1
