{
    "phsp": [
        4516,
        0.005366043640881467,
        0,
        0.5
    ],
    "yld": [
        0.08223277519336958,
        0.03387214619420475,
        1.1720029823878786
    ]
}