{
    "phsp": [
        4516,
        0.0029142983705846754,
        0,
        0.5
    ],
    "yld": [
        0.02480369540345281,
        0.10617153247934914,
        2.9184289654175304
    ]
}