{
    "Process":{
        "0":"$B_d\\to K^{*0}(\\to K^+\\pi^-)e^+e^-$",
        "1":"$B^+\\to K^+e^+e^-$",
        "2":"$B_s\\to \\phi(1020)e^+e^-$",
        "3":"$B^+\\to K_2(1430)^+(\\to X \\to K^+\\pi^+\\pi^-)e^+e^-$",
        "4":"$B^+\\to K_1(1270)^+(\\to K^+\\pi^+\\pi^-)e^+e^-$",
        "5":"$B^+\\to K^{*+}(\\to K^+\\pi^0)e^+e^-$"
    },
    "Physical":{
        "0":0.1624181209,
        "1":0.15707,
        "2":0.16695,
        "3":0.16573,
        "4":0.1633,
        "5":0.1617045534
    },
    "LHCb":{
        "0":0.1508775439,
        "1":0.15707,
        "2":0.15863,
        "3":0.14398,
        "4":0.14388,
        "5":0.1497734796
    }
}