{
    "phsp": [
        4516,
        0.0031797813133984834,
        0,
        0.5
    ],
    "yld": [
        4.030854127235263,
        0.3035640003734767,
        12.455302102152611
    ]
}