{
    "phsp": [
        4516,
        0.0018976963310867422,
        0,
        0.5
    ],
    "yld": [
        0.9186295537527768,
        3.231748819942512,
        40.66765807305742
    ]
}