{
    "phsp": [
        4516,
        0.009013779927074085,
        0,
        0.5
    ],
    "yld": [
        0.4297760470483122,
        0.8885985770804746,
        0.7786296215090561
    ]
}