index,B_M,BDT_cmb,L1_PIDe,L1_P,L1_PT,L1_ETA,L1_ProbNNk,L2_PIDe,L2_P,L2_PT,L2_ETA,L2_ProbNNk,H_PIDe,H_ProbNNk,Polarity
6,5236.587606369071,0.9819619904444964,1.568926966663172,87246.15,6145.064755127095,3.344988795412005,0.016852637857520888,-1.024536775926526,36095.99,1687.239452947725,3.755688547725214,0.00026703935133173996,-3.4883897628029095,0.9677269431740501,-1
1,5266.947688046459,1.015508922253656,6.6326208560577875,33906.38999999999,6559.304833086979,2.326375893665725,0.020423693802651785,-1.0203008181654543,46419.76,7356.8542355735935,2.528900592370305,0.09295247382794079,-6.4571490412831425,0.9985350815603685,1
