{
    "phsp": [
        4516,
        0.00247357765941666,
        0,
        0.5
    ],
    "yld": [
        0.14715071213091194,
        0.0025106001310822,
        12.458396050230602
    ]
}