{
    "phsp": [
        4516,
        0.0007440967146840311,
        0,
        0.5
    ],
    "yld": [
        0.20732777009442416,
        0.8019270038979698,
        8.018618106292973e-06
    ]
}