{
    "phsp": [
        4516,
        0.004649127014574273,
        0,
        0.5
    ],
    "yld": [
        1.106573614857225,
        0.7253707323102756,
        8.505429266961944
    ]
}