{
    "d_ne": [
        246.37242629229428,
        1522.911644813319,
        0.0
    ],
    "d_dne": [
        2463.722260709015,
        15229.116478181282,
        0.0
    ],
    "d_lm": [
        -2.78728178330979,
        0.3937431241389884,
        0.3328814573147052
    ],
    "d_mu": [
        32.01143253146772,
        7.190956452817056,
        0.2556175833719603
    ],
    "ne_SS": [
        0.0,
        1000000.0,
        24.99778037536087,
        3.5352983099727218
    ],
    "mu_SS": [
        3000.0,
        6000.0,
        4274.676511189297,
        225.62588476184953
    ],
    "lm_SS": [
        20.0,
        3000.0,
        31.451744079929068,
        17.72445136035265
    ],
    "dl": [
        0,
        0,
        2.5,
        0
    ],
    "gm": [
        0,
        0,
        -10,
        0
    ]
}