{
    "phsp": [
        4516,
        0.0016639833828431079,
        0,
        0.5
    ],
    "yld": [
        0.18205860959499473,
        1.8065050942402683,
        21.607677429227863
    ]
}