{
  "leaspy_version": "1.4.0",
  "name": "univariate_logistic",
  "features": [
    "PUTAMEN"
  ],
  "dimension": 1,
  "source_dimension": 0,
  "noise_model": {
    "name": "gaussian-scalar",
    "scale": 0.021219799295067787
  },
  "parameters": {
    "g": [
      -1.1861615180969238
    ],
    "v0": [
      -4.051712512969971
    ],
    "betas": [],
    "tau_mean": 68.74932098388672,
    "tau_std": 10.029473304748535,
    "xi_mean": 0.0,
    "xi_std": 0.5542895793914795,
    "sources_mean": 0.0,
    "sources_std": 1.0,
    "mixing_matrix": []
  }
}