{
  "leaspy_version": "1.2.1rc1",
  "name": "logistic",
  "features": [
    "MDS1_total",
    "MDS2_total",
    "MDS3_off_total",
    "SCOPA_total",
    "MOCA_total",
    "REM_total",
    "PUTAMEN_R",
    "PUTAMEN_L",
    "CAUDATE_R",
    "CAUDATE_L"
  ],
  "dimension": 10,
  "source_dimension": 3,
  "noise_model": {
    "name": "gaussian-diagonal",
    "scale": [
      0.06213844195008278,
      0.06462288647890091,
      0.08449842035770416,
      0.1064048632979393,
      0.06281979382038116,
      0.1628199815750122,
      0.03644188866019249,
      0.037754692137241364,
      0.03609469532966614,
      0.035417068749666214
    ]
  },
  "parameters": {
    "g": [
      1.8579226732254028,
      1.8027533292770386,
      1.1920188665390015,
      1.3551826477050781,
      2.349271774291992,
      0.7713785767555237,
      -0.9012769460678101,
      -0.9581974148750305,
      0.23143373429775238,
      0.23514987528324127
    ],
    "v0": [
      -4.4875006675720215,
      -4.205735206604004,
      -4.536120891571045,
      -4.160358905792236,
      -4.855291366577148,
      -3.792064666748047,
      -3.826040744781494,
      -3.8687050342559814,
      -3.241763114929199,
      -3.2764084339141846
    ],
    "betas": [
      [
        0.0031325144227594137,
        -0.01538105309009552,
        -0.03025183640420437
      ],
      [
        -0.01723901741206646,
        0.008556941524147987,
        -0.01849604956805706
      ],
      [
        0.006065071560442448,
        -0.028387615457177162,
        -0.027434159070253372
      ],
      [
        -0.06480998545885086,
        0.018432633951306343,
        0.013344901613891125
      ],
      [
        0.11160144209861755,
        -0.029205026105046272,
        -0.06713055819272995
      ],
      [
        0.004514886066317558,
        0.06847847253084183,
        0.02351251430809498
      ],
      [
        -0.020911334082484245,
        -0.03526056185364723,
        0.030014770105481148
      ],
      [
        0.03454878553748131,
        0.08730205148458481,
        0.09619223326444626
      ],
      [
        -0.0012059223372489214,
        -0.03653230518102646,
        0.10437018424272537
      ]
    ],
    "tau_mean": 65.65933227539062,
    "tau_std": 9.881054878234863,
    "xi_mean": 0.0,
    "xi_std": 0.5016743540763855,
    "sources_mean": 0.0,
    "sources_std": 1.0,
    "mixing_matrix": [
      [
        0.005288680549710989,
        -0.012971552088856697,
        -0.0373607762157917
      ],
      [
        0.004847387317568064,
        -0.01958712376654148,
        -0.04236620292067528
      ],
      [
        -0.01666913367807865,
        0.007159186061471701,
        -0.02252187207341194
      ],
      [
        0.00706207612529397,
        -0.030832970514893532,
        -0.03447728604078293
      ],
      [
        -0.06272014230489731,
        0.013306871056556702,
        -0.0014183656312525272
      ],
      [
        0.11242029815912247,
        -0.031213445588946342,
        -0.072915218770504
      ],
      [
        0.005391990765929222,
        0.06632719933986664,
        0.017316393554210663
      ],
      [
        -0.02002829499542713,
        -0.03742639720439911,
        0.023776713758707047
      ],
      [
        0.03563942760229111,
        0.08462703973054886,
        0.0884876400232315
      ],
      [
        -0.00015151123807299882,
        -0.039118461310863495,
        0.09692151844501495
      ]
    ]
  }
}