{
    "phsp": [
        4516,
        0.008031648414014771,
        0,
        0.5
    ],
    "yld": [
        0.6986437977542026,
        0.0003620332070705646,
        9.959668568666588
    ]
}