{
    "d_dne": [
        -44687.80406438184,
        6453.469362351137,
        0.0
    ],
    "d_dl": [
        0.004359189038934175,
        0.021425445128376765,
        0.00017435691414546817
    ],
    "d_mu": [
        1.4421915168050705,
        8.787492498349602,
        0.35335681678764086
    ],
    "d_ne": [
        -1925.1131658238448,
        1004.5983907374256,
        0.0
    ],
    "ne_SS": [
        0.0,
        1000000.0,
        200.86270514479438,
        10.019831917489228
    ],
    "mu_SS": [
        3000.0,
        6000.0,
        3914.907112874789,
        58.312901836666484
    ],
    "dl_SS": [
        0.0,
        20.0,
        1.211733474647385,
        0.08718937317909714
    ],
    "ne_OS": [
        0.0,
        1000000.0,
        40065.94067318772,
        141.5378304864216
    ],
    "mu_OS": [
        3000.0,
        6000.0,
        3883.6891278305984,
        3.6283176181017485
    ],
    "dl_OS": [
        0.0,
        20.0,
        1.363704697789982,
        0.004784955213312941
    ],
    "lm": [
        0,
        0,
        40,
        0
    ],
    "gm": [
        0,
        0,
        -6,
        0
    ]
}