{
    "phsp": [
        4516,
        0.0041416475501053745,
        0,
        0.5
    ],
    "yld": [
        0.0561056359094832,
        0.3480918726132885,
        2.774828036484662
    ]
}