index,B_M,L1_PIDe,L1_P,L1_PT,L1_ETA,L1_ProbNNk,L2_PIDe,L2_P,L2_PT,L2_ETA,L2_ProbNNk,H_PIDe,H_ProbNNk,Polarity
1,5263.801683900953,1.026259602025917,83657.7,6961.113214794934,3.177805781942991,0.14598090946674347,1.325268052036631,27155.95,2562.228876348652,3.0516327608733747,0.00011023588012903929,-6.256812897138732,0.9934025406837463,1
8,5298.896452541921,0.24457252755553682,42623.87,2182.7566590658234,3.664316750417217,0.0009476605919189751,-1.6846221979636313,141152.61000000002,7176.194284689127,3.6715728246120345,0.18752849102020264,-5.431670417283183,0.9862164258956909,1
9,5269.281791606671,-0.37593884313285897,162008.92,19806.86915025273,2.7910119030319467,0.24133597314357758,1.4559381205255555,31776.060000000005,4284.113819150626,2.6923710972659394,0.004418469034135342,-6.510915440816656,0.8907018303871155,1
0,5269.685504951364,9.694598241841987,16443.829999999998,2283.829488302894,2.66238623591638,0.0010316834086552262,3.413787778551434,73928.73,12805.15614665746,2.4388145893466713,0.07456342875957489,-2.9791086959653663,0.7512916922569275,1
5,5271.053048427602,0.8111411687198546,43281.63,6237.6455408824395,2.625039294186892,0.0015947710489854217,0.0382213776774436,96908.72000000002,14414.823645660063,2.593081748373466,0.15600940585136414,-7.965559000786798,0.9885084629058838,1
2,5267.748276869679,0.7914093574748302,38050.45,1222.4964309471325,4.1309069115203005,0.0006017586565576494,0.703330758709654,24639.88,4326.383359149783,2.4249833546371242,0.00030867388704791665,-6.872244143653879,0.7187161445617676,1
1,5269.412786664234,3.5777707127251235,38030.7,5772.05028148674,2.572704370229048,0.00069410604191944,-1.4901293566811424,90125.5,8448.76425888504,3.058125854209715,0.3020164370536804,-7.946373980626895,0.9719913601875305,1
