{
    "phsp": [
        4516,
        1.4498248090630012e-09,
        0,
        0.5
    ],
    "yld": [
        4.0864998455709e-05,
        4.3395710972425356e-05,
        1.0277383580614983
    ]
}