{
    "ap_SS": [
        0.00537678796898338,
        0.011481187191527973,
        1
    ],
    "bt_SS": [
        0.0031134028823623086,
        0.00012623369260057938,
        1
    ],
    "d_ap": [
        -0.0003494117262848378,
        0.000699292357117026,
        0.42953687680812813
    ],
    "d_bt": [
        -0.0001190920031382231,
        5.478548562762222e-05,
        0.14923238074084233
    ],
    "d_mu": [
        105.61205903147322,
        28.57714388357111,
        0.014033593632953534
    ],
    "mu_SS": [
        2955.2355291111817,
        977.9948162019994,
        1
    ]
}