{
    "d_dl": [
        -0.014632884877124172,
        0.007661288770662476,
        0.47319452022247144
    ],
    "d_mu": [
        -16.64885308667457,
        5.4157916501869945,
        0.11155183092034693
    ],
    "dl_SS": [
        1.7938958948993924,
        0.02559951899691764,
        1
    ],
    "gm": [
        -6,
        0,
        1
    ],
    "lm": [
        40,
        0,
        1
    ],
    "mu_SS": [
        4038.544235896105,
        12.094517611747584,
        1
    ]
}