{
    "phsp": [
        4516,
        4.776855845941026e-05,
        0,
        0.5
    ],
    "yld": [
        0.044520549956826,
        0.013627154521779483,
        2.8100930665107783e-05
    ]
}