{
    "phsp": [
        4516,
        0.004917196604086191,
        0,
        0.5
    ],
    "yld": [
        0.3350033580740443,
        0.001778497698883756,
        8.136165536466699
    ]
}