{
    "phsp": [
        4516,
        0.0022115272506640186,
        0,
        0.5
    ],
    "yld": [
        0.010550104804418411,
        0.03882336668948553,
        4.745937604038963
    ]
}