{
    "phsp": [
        4516,
        0.0024698626148416123,
        0,
        0.5
    ],
    "yld": [
        0.10071022900852743,
        0.1280590775211483,
        12.504173244422898
    ]
}