{
    "Process":{
        "0":"$B_d\\to K^{*0}(\\to K^+\\pi^-)e^+e^-$",
        "1":"$B^+\\to K^+e^+e^-$",
        "2":"$B_s\\to \\phi(1020)e^+e^-$",
        "3":"$B^+\\to K_2(1430)^+(\\to X \\to K^+\\pi^+\\pi^-)e^+e^-$",
        "4":"$B^+\\to K_1(1270)^+(\\to K^+\\pi^+\\pi^-)e^+e^-$",
        "5":"$B^+\\to K^{*+}(\\to K^+\\pi^0)e^+e^-$"
    },
    "Physical":{
        "0":0.1648314281,
        "1":0.16134,
        "2":0.17022,
        "3":0.17025,
        "4":0.16714,
        "5":0.1641897028
    },
    "LHCb":{
        "0":0.1532499225,
        "1":0.16134,
        "2":0.1623,
        "3":0.14786,
        "4":0.14739,
        "5":0.1525483058
    }
}