{
    "phsp": [
        4516,
        0.005190421773074594,
        0,
        0.5
    ],
    "yld": [
        0.4723078243506227,
        0.000785142412107389,
        4.087618027438775
    ]
}