{
    "d_dl": [
        -0.08211423429614789,
        0.009014677202862977,
        0.7814152096205799
    ],
    "d_dne": [
        -24062.420453670435,
        4009.847248975887,
        0.0
    ],
    "d_mu": [
        -7.959987158144026,
        9.194926476346117,
        0.46163401358649025
    ],
    "d_ne": [
        -50.060310000054024,
        877.6738584618138,
        0.0
    ],
    "ne_SS": [
        0.0,
        1000000.0,
        266.01239490764954,
        11.53296562760192
    ],
    "mu_SS": [
        3000.0,
        6000.0,
        3589.844047144212,
        64.51840401572403
    ],
    "dl_SS": [
        0.0,
        20.0,
        1.2141919111943884,
        0.07084941639994413
    ],
    "ne_OS": [
        0.0,
        1000000.0,
        21860.112388708454,
        104.54704420459875
    ],
    "mu_OS": [
        3000.0,
        6000.0,
        3587.1171460828036,
        6.386654317586253
    ],
    "dl_OS": [
        0.0,
        20.0,
        1.1908553788486738,
        0.00802665678184484
    ],
    "lm": [
        0,
        0,
        40,
        0
    ],
    "gm": [
        0,
        0,
        -6,
        0
    ]
}