{
    "Process":{
        "0":"$B_d\\to K^{*0}(\\to K^+\\pi^-)e^+e^-$",
        "1":"$B^+\\to K^+e^+e^-$",
        "2":"$B_s\\to \\phi(1020)e^+e^-$",
        "3":"$B^+\\to K_2(1430)^+(\\to X \\to K^+\\pi^+\\pi^-)e^+e^-$",
        "4":"$B^+\\to K_1(1270)^+(\\to K^+\\pi^+\\pi^-)e^+e^-$",
        "5":"$B^+\\to K^{*+}(\\to K^+\\pi^0)e^+e^-$"
    },
    "Physical":{
        "0":0.1731834637,
        "1":0.16992,
        "2":0.17749,
        "3":0.17891,
        "4":0.17602,
        "5":0.1742287114
    },
    "LHCb":{
        "0":0.1616832337,
        "1":0.16992,
        "2":0.16889,
        "3":0.15628,
        "4":0.15533,
        "5":0.1626481324
    }
}